AvgAltitude;MaxAltitude;CurrentAltitude;FovValue;LastAction;Life
-249.62383;-244.07271;-243.92453;16458.95;explore;4;VICTORY
-253.99614;-244.39333;-252.29977;16784.018;shoot;8;VICTORY
-253.73;-245.1401;-252.85683;18348.0;shoot;6;VICTORY
-253.89584;-244.48656;-252.9962;18065.54;shoot;2;VICTORY
-253.44887;-244.32172;-251.92874;17718.422;shoot;6;VICTORY
